BAM	ID	expe	ASBgroup	condition	protein	published	path
HV5MYBGX5_53BP1_AS_DIVA_18s000864-1-1_Clouaire_lane118s000864_sequence.rmdups.bam	HV5MYBGX5_53BP1_AS_DIVA_18s000864-1-1_Clouaire_lane118s000864_sequence.rmdups.bam	ChIP-seq	.	DIvA	53BP1	Yes	HV5MYBGX5_53BP1_AS_DIVA_18s000864-1-1_Clouaire_lane118s000864_sequence.rmdups.bam
merged_AACKYHMM5_AACKYHMM5_53BP1DivAFSCtag_rmdups.bam	merged_AACKYHMM5_AACKYHMM5_53BP1DivAFSCtag_rmdups.bam	CUT&Tag	.	DIvA	53BP1		merged_AACKYHMM5_AACKYHMM5_53BP1DivAFSCtag_rmdups.bam
merged_AACKYHMM5_AACKYHMM5_53BP1DivARCCtag_rmdups.bam	merged_AACKYHMM5_AACKYHMM5_53BP1DivARCCtag_rmdups.bam	CUT&Tag	.	DIvA	53BP1		merged_AACKYHMM5_AACKYHMM5_53BP1DivARCCtag_rmdups.bam
HWNTLBGX3_53BP1_G1_OHT_17s005725-1-1_Clouaire_lane117s005725_sequence.rmdups.bam	HWNTLBGX3_53BP1_G1_OHT_17s005725-1-1_Clouaire_lane117s005725_sequence.rmdups.bam	ChIP-seq	.	OHT	53BP1_G1_OHT	Yes	HWNTLBGX3_53BP1_G1_OHT_17s005725-1-1_Clouaire_lane117s005725_sequence.rmdups.bam
HWNTLBGX3_53BP1_G2_OHT_17s005726-1-1_Clouaire_lane117s005726_sequence.rmdups.bam	HWNTLBGX3_53BP1_G2_OHT_17s005726-1-1_Clouaire_lane117s005726_sequence.rmdups.bam	ChIP-seq	.	OHT	53BP1_G2_OHT	Yes	HWNTLBGX3_53BP1_G2_OHT_17s005726-1-1_Clouaire_lane117s005726_sequence.rmdups.bam
HV5MYBGX5_53BP1_AS_OHT_18s000865-1-1_Clouaire_lane118s000865_sequence.rmdups.bam	HV5MYBGX5_53BP1_AS_OHT_18s000865-1-1_Clouaire_lane118s000865_sequence.rmdups.bam	ChIP-seq	.	OHT	53BP1_OHT	Yes	HV5MYBGX5_53BP1_AS_OHT_18s000865-1-1_Clouaire_lane118s000865_sequence.rmdups.bam
HVW7VBGXX_53BP1_OHT_DIVA_16s000426-1-1_Clouaire_lane116s000426_sequence.nodups.bam	HVW7VBGXX_53BP1_OHT_DIVA_16s000426-1-1_Clouaire_lane116s000426_sequence.nodups.bam	ChIP-seq	.	OHT	53BP1_OHT	Yes	HVW7VBGXX_53BP1_OHT_DIVA_16s000426-1-1_Clouaire_lane116s000426_sequence.nodups.bam
merged_AACKYHMM5_AACKYHMM5_53BP1OHTFSCtag_rmdups.bam	merged_AACKYHMM5_AACKYHMM5_53BP1OHTFSCtag_rmdups.bam	CUT&Tag	.	OHT	53BP1_OHT		merged_AACKYHMM5_AACKYHMM5_53BP1OHTFSCtag_rmdups.bam
merged_AACKYHMM5_AACKYHMM5_53BP1OHTRCCtag_rmdups.bam	merged_AACKYHMM5_AACKYHMM5_53BP1OHTRCCtag_rmdups.bam	CUT&Tag	.	OHT	53BP1_OHT		merged_AACKYHMM5_AACKYHMM5_53BP1OHTRCCtag_rmdups.bam
HV5MYBGX5_53BP1_S_DIVA_18s000856-1-1_Clouaire_lane118s000856_sequence.rmdups.bam	HV5MYBGX5_53BP1_S_DIVA_18s000856-1-1_Clouaire_lane118s000856_sequence.rmdups.bam	ChIP-seq	.	DIvA	53BP1_S	No	HV5MYBGX5_53BP1_S_DIVA_18s000856-1-1_Clouaire_lane118s000856_sequence.rmdups.bam
HV5MYBGX5_53BP1_S_OHT_18s000857-1-1_Clouaire_lane118s000857_sequence.rmdups.bam	HV5MYBGX5_53BP1_S_OHT_18s000857-1-1_Clouaire_lane118s000857_sequence.rmdups.bam	ChIP-seq	.	OHT	53BP1_S_OHT	No	HV5MYBGX5_53BP1_S_OHT_18s000857-1-1_Clouaire_lane118s000857_sequence.rmdups.bam
HC3HCBGX9_ATACseqA_DIvA_18s005247-1-1_Clouaire_lane1ATACseqADIvA.rmdups.bam	HC3HCBGX9_ATACseqA_DIvA_18s005247-1-1_Clouaire_lane1ATACseqADIvA.rmdups.bam	ATAC-seq	.	DIvA	ATAC-seq	No	HC3HCBGX9_ATACseqA_DIvA_18s005247-1-1_Clouaire_lane1ATACseqADIvA.rmdups.bam
HC3HCBGX9_ATACseqA_DIvA_18s005247-1-1_Clouaire_lane1ATACseqBDIvA.rmdups.bam	HC3HCBGX9_ATACseqA_DIvA_18s005247-1-1_Clouaire_lane1ATACseqBDIvA.rmdups.bam	ATAC-seq	.	DIvA	ATAC-seq	No	HC3HCBGX9_ATACseqA_DIvA_18s005247-1-1_Clouaire_lane1ATACseqBDIvA.rmdups.bam
HNMNLBGXC_ATAC_3_pool1_19s004480-1-1_Clouaire_lane1OHT.rmdups.bam	HNMNLBGXC_ATAC_3_pool1_19s004480-1-1_Clouaire_lane1OHT.rmdups.bam	ATAC-seq	.	DIvA	ATAC-seq	No	HNMNLBGXC_ATAC_3_pool1_19s004480-1-1_Clouaire_lane1OHT.rmdups.bam
HNNNLBGXC_ATAC_2_pool1_19s004479-1-1_Clouaire_lane1MinusOHT.rmdups.bam	HNNNLBGXC_ATAC_2_pool1_19s004479-1-1_Clouaire_lane1MinusOHT.rmdups.bam	ATAC-seq	.	DIvA	ATAC-seq	No	HNNNLBGXC_ATAC_2_pool1_19s004479-1-1_Clouaire_lane1MinusOHT.rmdups.bam
HVJCHBGXH_ATACseq_D_siSCC1_21s000905-1-1_Clouaire_lane1ATACseqDsiCTRLDIvA.rmdups.bam	HVJCHBGXH_ATACseq_D_siSCC1_21s000905-1-1_Clouaire_lane1ATACseqDsiCTRLDIvA.rmdups.bam	ATAC-seq	.	DIvA	ATAC-seq	No	HVJCHBGXH_ATACseq_D_siSCC1_21s000905-1-1_Clouaire_lane1ATACseqDsiCTRLDIvA.rmdups.bam
HC3HCBGX9_ATACseqA_DIvA_18s005247-1-1_Clouaire_lane1ATACseqAOHT.rmdups.bam	HC3HCBGX9_ATACseqA_DIvA_18s005247-1-1_Clouaire_lane1ATACseqAOHT.rmdups.bam	ATAC-seq	.	OHT	ATAC-seq_OHT	No	HC3HCBGX9_ATACseqA_DIvA_18s005247-1-1_Clouaire_lane1ATACseqAOHT.rmdups.bam
HC3HCBGX9_ATACseqA_DIvA_18s005247-1-1_Clouaire_lane1ATACseqBOHT.rmdups.bam	HC3HCBGX9_ATACseqA_DIvA_18s005247-1-1_Clouaire_lane1ATACseqBOHT.rmdups.bam	ATAC-seq	.	OHT	ATAC-seq_OHT	No	HC3HCBGX9_ATACseqA_DIvA_18s005247-1-1_Clouaire_lane1ATACseqBOHT.rmdups.bam
HNMNLBGXC_ATAC_3_pool1_19s004480-1-1_Clouaire_lane14hOHT.rmdups.bam	HNMNLBGXC_ATAC_3_pool1_19s004480-1-1_Clouaire_lane14hOHT.rmdups.bam	ATAC-seq	.	OHT	ATAC-seq_OHT	No	HNMNLBGXC_ATAC_3_pool1_19s004480-1-1_Clouaire_lane14hOHT.rmdups.bam
HNNNLBGXC_ATAC_2_pool1_19s004479-1-1_Clouaire_lane1Plus4hOHT.rmdups.bam	HNNNLBGXC_ATAC_2_pool1_19s004479-1-1_Clouaire_lane1Plus4hOHT.rmdups.bam	ATAC-seq	.	OHT	ATAC-seq_OHT	No	HNNNLBGXC_ATAC_2_pool1_19s004479-1-1_Clouaire_lane1Plus4hOHT.rmdups.bam
HVJCHBGXH_ATACseq_D_siSCC1_21s000905-1-1_Clouaire_lane1ATACseqDsiCTRLOHT24H.rmdups.bam	HVJCHBGXH_ATACseq_D_siSCC1_21s000905-1-1_Clouaire_lane1ATACseqDsiCTRLOHT24H.rmdups.bam	ATAC-seq	.	OHT	ATAC-seq_siCTRL_24hOHT	No	HVJCHBGXH_ATACseq_D_siSCC1_21s000905-1-1_Clouaire_lane1ATACseqDsiCTRLOHT24H.rmdups.bam
HVJCHBGXH_ATACseq_D_siSCC1_21s000905-1-1_Clouaire_lane1ATACseqDsiCTRLOHT4H.rmdups.bam	HVJCHBGXH_ATACseq_D_siSCC1_21s000905-1-1_Clouaire_lane1ATACseqDsiCTRLOHT4H.rmdups.bam	ATAC-seq	.	OHT	ATAC-seq_siCTRL_OHT	No	HVJCHBGXH_ATACseq_D_siSCC1_21s000905-1-1_Clouaire_lane1ATACseqDsiCTRLOHT4H.rmdups.bam
B-U2OS.merged.sorted.bam	B-U2OS.merged.sorted.bam	BLESS	.	DIvA	BLESS	Yes	B-U2OS.merged.sorted.bam
trimmed_BLESS_U2OS-Tam.sorted.bam	trimmed_BLESS_U2OS-Tam.sorted.bam	BLESS	.	DIvA	BLESS	Yes	trimmed_BLESS_U2OS-Tam.sorted.bam
bwa_aln_hg19_blm.nodups.bam	bwa_aln_hg19_blm.nodups.bam	ChIP-seq	.	DIvA	BLM	Yes	bwa_aln_hg19_blm.nodups.bam
H5HJKBGXC_ChIP-seq_thomas_19s003259-1-1_Clouaire_lane1CTCFalfmin_sequence.rmdups.bam	H5HJKBGXC_ChIP-seq_thomas_19s003259-1-1_Clouaire_lane1CTCFalfmin_sequence.rmdups.bam	ChIP-seq	.	DIvA	CTCF	Yes	H5HJKBGXC_ChIP-seq_thomas_19s003259-1-1_Clouaire_lane1CTCFalfmin_sequence.rmdups.bam
AACJ327M5_Pool_100123_23s000062-1-1_Clouaire_lane1CTCFnoOHT_rmdups.exp.bam	AACJ327M5_Pool_100123_23s000062-1-1_Clouaire_lane1CTCFnoOHT_rmdups.exp.bam	ChIP-seq	.	DIvA	CTCF		AACJ327M5_Pool_100123_23s000062-1-1_Clouaire_lane1CTCFnoOHT_rmdups.exp.bam
merged_AACKYHHM5_AACK3GHM5_CTCFDivARCCtag_rmdups.bam	merged_AACKYHHM5_AACK3GHM5_CTCFDivARCCtag_rmdups.bam	CUT&Tag	.	DIvA	CTCF		merged_AACKYHHM5_AACK3GHM5_CTCFDivARCCtag_rmdups.bam
AACJ327M5_Pool_100123_23s000062-1-1_Clouaire_lane1CTCFOHT24H_rmdups.exp.bam	AACJ327M5_Pool_100123_23s000062-1-1_Clouaire_lane1CTCFOHT24H_rmdups.exp.bam	ChIP-seq	.	OHT	CTCF_24hOHT		AACJ327M5_Pool_100123_23s000062-1-1_Clouaire_lane1CTCFOHT24H_rmdups.exp.bam
H5HJKBGXC_ChIP-seq_thomas_19s003259-1-1_Clouaire_lane1CTCFalfOHT_sequence.rmdups.bam	H5HJKBGXC_ChIP-seq_thomas_19s003259-1-1_Clouaire_lane1CTCFalfOHT_sequence.rmdups.bam	ChIP-seq	.	OHT	CTCF_OHT	No	H5HJKBGXC_ChIP-seq_thomas_19s003259-1-1_Clouaire_lane1CTCFalfOHT_sequence.rmdups.bam
AACJ327M5_Pool_100123_23s000062-1-1_Clouaire_lane1CTCFOHT4H_rmdups.exp.bam	AACJ327M5_Pool_100123_23s000062-1-1_Clouaire_lane1CTCFOHT4H_rmdups.exp.bam	ChIP-seq	.	OHT	CTCF_OHT		AACJ327M5_Pool_100123_23s000062-1-1_Clouaire_lane1CTCFOHT4H_rmdups.exp.bam
merged_AACKYHHM5_AACK3GHM5_CTCFOHTRCCtag_rmdups.bam	merged_AACKYHHM5_AACK3GHM5_CTCFOHTRCCtag_rmdups.bam	CUT&Tag	.	OHT	CTCF_OHT		merged_AACKYHHM5_AACK3GHM5_CTCFOHTRCCtag_rmdups.bam
HYG77BGX2_DRIP2_C1_DIVA_17s002460-1-1_Clouaire_lane117s002460_hg19.nodups.bam	HYG77BGX2_DRIP2_C1_DIVA_17s002460-1-1_Clouaire_lane117s002460_hg19.nodups.bam	DRIP-seq	.	DIvA	DRIP	Yes	HYG77BGX2_DRIP2_C1_DIVA_17s002460-1-1_Clouaire_lane117s002460_hg19.nodups.bam
HKKWHBGX7_DRIP_C1_18s002883-1-1_Clouaire_lane118s002883_sequence.rmdups.bam	HKKWHBGX7_DRIP_C1_18s002883-1-1_Clouaire_lane118s002883_sequence.rmdups.bam	DRIP-seq	.	DIvA	DRIP		HKKWHBGX7_DRIP_C1_18s002883-1-1_Clouaire_lane118s002883_sequence.rmdups.bam
HKKWHBGX7_DRIP_C1_24H_18s002884-1-1_Clouaire_lane118s002884_sequence.rmdups.bam	HKKWHBGX7_DRIP_C1_24H_18s002884-1-1_Clouaire_lane118s002884_sequence.rmdups.bam	DRIP-seq	.	OHT	DRIP_24hOHT		HKKWHBGX7_DRIP_C1_24H_18s002884-1-1_Clouaire_lane118s002884_sequence.rmdups.bam
HYG77BGX2_DRIP2_C1_OHT_17s002461-1-1_Clouaire_lane117s002461_hg19.nodups.bam	HYG77BGX2_DRIP2_C1_OHT_17s002461-1-1_Clouaire_lane117s002461_hg19.nodups.bam	DRIP-seq	.	OHT	DRIP_OHT		HYG77BGX2_DRIP2_C1_OHT_17s002461-1-1_Clouaire_lane117s002461_hg19.nodups.bam
HLFCGBGX7_DRIP_BLM_18s002887-1-1_Clouaire_lane118s002887_sequence.rmdups.bam	HLFCGBGX7_DRIP_BLM_18s002887-1-1_Clouaire_lane118s002887_sequence.rmdups.bam	DRIP-seq	.	DIvA	DRIP_siBLM		HLFCGBGX7_DRIP_BLM_18s002887-1-1_Clouaire_lane118s002887_sequence.rmdups.bam
HLFCGBGX7_DRIP_BLM_24H_18s002888-1-1_Clouaire_lane118s002888_sequence.rmdups.bam	HLFCGBGX7_DRIP_BLM_24H_18s002888-1-1_Clouaire_lane118s002888_sequence.rmdups.bam	DRIP-seq	.	OHT	DRIP_siBLM_24hOHT		HLFCGBGX7_DRIP_BLM_24H_18s002888-1-1_Clouaire_lane118s002888_sequence.rmdups.bam
AAAVMJLM5_END_SEQ_inhib_22s001627-1-1_Clouaire_lane1ENDSEQ_DIVA_rmdups.bam	AAAVMJLM5_END_SEQ_inhib_22s001627-1-1_Clouaire_lane1ENDSEQ_DIVA_rmdups.bam	ENDSEQ	.	DIvA	ENDSEQ	No	AAAVMJLM5_END_SEQ_inhib_22s001627-1-1_Clouaire_lane1ENDSEQ_DIVA_rmdups.bam
AAAVMJLM5_END_SEQ_inhib_22s001627-1-1_Clouaire_lane1ENDSEQ_24HOHTDNApki_rmdups.bam	AAAVMJLM5_END_SEQ_inhib_22s001627-1-1_Clouaire_lane1ENDSEQ_24HOHTDNApki_rmdups.bam	ENDSEQ	.	OHT	ENDSEQ_24hOHT	No	AAAVMJLM5_END_SEQ_inhib_22s001627-1-1_Clouaire_lane1ENDSEQ_24HOHTDNApki_rmdups.bam
AACJM5CM5_ENDseq2_23s000454-1-1_Clouaire_lane124hOHT1M_sorted.exp.bam	AACJM5CM5_ENDseq2_23s000454-1-1_Clouaire_lane124hOHT1M_sorted.exp.bam	ENDSEQ	.	OHT	ENDSEQ_24hOHT	No (soon submitted)	AACJM5CM5_ENDseq2_23s000454-1-1_Clouaire_lane124hOHT1M_sorted.exp.bam
AAAVMJLM5_END_SEQ_inhib_22s001627-1-1_Clouaire_lane1ENDSEQ_24HOHT_rmdups.bam	AAAVMJLM5_END_SEQ_inhib_22s001627-1-1_Clouaire_lane1ENDSEQ_24HOHT_rmdups.bam	ENDSEQ	.	OHT	ENDSEQ_24hOHT_DNApki	No	AAAVMJLM5_END_SEQ_inhib_22s001627-1-1_Clouaire_lane1ENDSEQ_24HOHT_rmdups.bam
AACJM5CM5_ENDseq2_23s000454-1-1_Clouaire_lane124hOHTDNAPKi1M_sorted.exp.bam	AACJM5CM5_ENDseq2_23s000454-1-1_Clouaire_lane124hOHTDNAPKi1M_sorted.exp.bam	ENDSEQ	.	OHT	ENDSEQ_24hOHT_DNApki	No	AACJM5CM5_ENDseq2_23s000454-1-1_Clouaire_lane124hOHTDNAPKi1M_sorted.exp.bam
AACJM5CM5_ENDseq2_23s000454-1-1_Clouaire_lane1CTRLDIVA_sorted.exp.bam	AACJM5CM5_ENDseq2_23s000454-1-1_Clouaire_lane1CTRLDIVA_sorted.exp.bam	ENDSEQ	.	DIvA	ENDSEQ_DIVA	No (soon submitted)	AACJM5CM5_ENDseq2_23s000454-1-1_Clouaire_lane1CTRLDIVA_sorted.exp.bam
AAAVMJLM5_END_SEQ_inhib_22s001627-1-1_Clouaire_lane1ENDSEQ_OHT_rmdups.bam	AAAVMJLM5_END_SEQ_inhib_22s001627-1-1_Clouaire_lane1ENDSEQ_OHT_rmdups.bam	ENDSEQ	.	OHT	ENDSEQ_OHT	No	AAAVMJLM5_END_SEQ_inhib_22s001627-1-1_Clouaire_lane1ENDSEQ_OHT_rmdups.bam
AACJM5CM5_ENDseq2_23s000454-1-1_Clouaire_lane1CTRLOHT_sorted.exp.bam	AACJM5CM5_ENDseq2_23s000454-1-1_Clouaire_lane1CTRLOHT_sorted.exp.bam	ENDSEQ	.	OHT	ENDSEQ_OHT	No (soon submitted)	AACJM5CM5_ENDseq2_23s000454-1-1_Clouaire_lane1CTRLOHT_sorted.exp.bam
AACJM5CM5_ENDseq2_23s000454-1-1_Clouaire_lane1OHT1M_sorted.exp.bam	AACJM5CM5_ENDseq2_23s000454-1-1_Clouaire_lane1OHT1M_sorted.exp.bam	ENDSEQ	.	OHT	ENDSEQ_OHT	No (soon submitted)	AACJM5CM5_ENDseq2_23s000454-1-1_Clouaire_lane1OHT1M_sorted.exp.bam
AAAVMJLM5_END_SEQ_inhib_22s001627-1-1_Clouaire_lane1ENDSEQ_OHTATMi_rmdups.bam	AAAVMJLM5_END_SEQ_inhib_22s001627-1-1_Clouaire_lane1ENDSEQ_OHTATMi_rmdups.bam	ENDSEQ	.	OHT	ENDSEQ_OHT_ATMi	No	AAAVMJLM5_END_SEQ_inhib_22s001627-1-1_Clouaire_lane1ENDSEQ_OHTATMi_rmdups.bam
AAAVMJLM5_END_SEQ_inhib_22s001627-1-1_Clouaire_lane1ENDSEQ_OHTDNAPKi_rmdups.bam	AAAVMJLM5_END_SEQ_inhib_22s001627-1-1_Clouaire_lane1ENDSEQ_OHTDNAPKi_rmdups.bam	ENDSEQ	.	OHT	ENDSEQ_OHT_DNAPKi	No	AAAVMJLM5_END_SEQ_inhib_22s001627-1-1_Clouaire_lane1ENDSEQ_OHTDNAPKi_rmdups.bam
merged_AACKYHMM5_AACKYHMM5_FTOab1DivAFSCtag_rmdups.bam	merged_AACKYHMM5_AACKYHMM5_FTOab1DivAFSCtag_rmdups.bam	CUT&Tag	.	DIvA	FTO		merged_AACKYHMM5_AACKYHMM5_FTOab1DivAFSCtag_rmdups.bam
merged_AACKYHMM5_AACKYHMM5_FTOab1OHTFSCtag_rmdups.bam	merged_AACKYHMM5_AACKYHMM5_FTOab1OHTFSCtag_rmdups.bam	CUT&Tag	.	OHT	FTO_OHT		merged_AACKYHMM5_AACKYHMM5_FTOab1OHTFSCtag_rmdups.bam
HMNY7BGXX_H2AZ_DIVA_16s000418-1-1_Clouaire_lane116s000418_sequence.nodups.bam	HMNY7BGXX_H2AZ_DIVA_16s000418-1-1_Clouaire_lane116s000418_sequence.nodups.bam	ChIP-seq	.	DIvA	H2AZ	Yes	HMNY7BGXX_H2AZ_DIVA_16s000418-1-1_Clouaire_lane116s000418_sequence.nodups.bam
HMNY7BGXX_H2AZ_OHT_DIVA_16s000419-1-1_Clouaire_lane116s000419_sequence.nodups.bam	HMNY7BGXX_H2AZ_OHT_DIVA_16s000419-1-1_Clouaire_lane116s000419_sequence.nodups.bam	ChIP-seq	.	OHT	H2AZ_OHT	Yes	HMNY7BGXX_H2AZ_OHT_DIVA_16s000419-1-1_Clouaire_lane116s000419_sequence.nodups.bam
bwa_aln_hg19_h2azac_mOHT.nodups.BAM	bwa_aln_hg19_h2azac_mOHT.nodups.BAM	ChIP-seq	.	DIvA	H2AZac	Yes	bwa_aln_hg19_h2azac_mOHT.nodups.BAM
C8LVDACXX_H2AZac_DIVA_16s000910-1-1_Clouaire_lane116s000910.nodups.bam	C8LVDACXX_H2AZac_DIVA_16s000910-1-1_Clouaire_lane116s000910.nodups.bam	ChIP-seq	.	DIvA	H2AZac	Yes	C8LVDACXX_H2AZac_DIVA_16s000910-1-1_Clouaire_lane116s000910.nodups.bam
bwa_aln_hg19_h2azac_pOHT.nodups.bam	bwa_aln_hg19_h2azac_pOHT.nodups.bam	ChIP-seq	.	OHT	H2AZac_OHT	Yes	bwa_aln_hg19_h2azac_pOHT.nodups.bam
C8LVDACXX_H2AZac_OHT_DIVA_16s000911-1-1_Clouaire_lane116s000911.nodups.bam	C8LVDACXX_H2AZac_OHT_DIVA_16s000911-1-1_Clouaire_lane116s000911.nodups.bam	ChIP-seq	.	OHT	H2AZac_OHT	Yes	C8LVDACXX_H2AZac_OHT_DIVA_16s000911-1-1_Clouaire_lane116s000911.nodups.bam
HMNY7BGXX_H2BK120ac_DIVA_16s000420-1-1_Clouaire_lane116s000420_sequence.nodups.bam	HMNY7BGXX_H2BK120ac_DIVA_16s000420-1-1_Clouaire_lane116s000420_sequence.nodups.bam	ChIP-seq	.	DIvA	H2BK120ac	Yes	HMNY7BGXX_H2BK120ac_DIVA_16s000420-1-1_Clouaire_lane116s000420_sequence.nodups.bam
HMNY7BGXX_H2BK120ac_OHT_DI_16s000421-1-1_Clouaire_lane116s000421_sequence.nodups.bam	HMNY7BGXX_H2BK120ac_OHT_DI_16s000421-1-1_Clouaire_lane116s000421_sequence.nodups.bam	ChIP-seq	.	OHT	H2BK120ac_OHT	Yes	HMNY7BGXX_H2BK120ac_OHT_DI_16s000421-1-1_Clouaire_lane116s000421_sequence.nodups.bam
bwa_aln_hg19_h3_mOHT.nodups.bam	bwa_aln_hg19_h3_mOHT.nodups.bam	ChIP-seq	.	DIvA	H3	Yes	bwa_aln_hg19_h3_mOHT.nodups.bam
C8LVDACXX_H3_DIVA_16s000906-1-1_Clouaire_lane116s000906.nodups.bam	C8LVDACXX_H3_DIVA_16s000906-1-1_Clouaire_lane116s000906.nodups.bam	ChIP-seq	.	DIvA	H3	Yes	C8LVDACXX_H3_DIVA_16s000906-1-1_Clouaire_lane116s000906.nodups.bam
bwa_aln_hg19_h3_pOHT.nodups.BAM	bwa_aln_hg19_h3_pOHT.nodups.BAM	ChIP-seq	.	OHT	H3_OHT	Yes	bwa_aln_hg19_h3_pOHT.nodups.BAM
C8LVDACXX_H3_OHT_DIVA_16s000907-1-1_Clouaire_lane116s000907.nodups.bam	C8LVDACXX_H3_OHT_DIVA_16s000907-1-1_Clouaire_lane116s000907.nodups.bam	ChIP-seq	.	OHT	H3_OHT	Yes	C8LVDACXX_H3_OHT_DIVA_16s000907-1-1_Clouaire_lane116s000907.nodups.bam
HMFMNBGXJ_Pool_ALF_300621_21s002973-1-1_Clouaire_lane1H3K27ACDIVA_rmdups.bam	HMFMNBGXJ_Pool_ALF_300621_21s002973-1-1_Clouaire_lane1H3K27ACDIVA_rmdups.bam	ChIP-seq	.	DIvA	H3K27Ac		HMFMNBGXJ_Pool_ALF_300621_21s002973-1-1_Clouaire_lane1H3K27ACDIVA_rmdups.bam
HMFMNBGXJ_Pool_ALF_300621_21s002973-1-1_Clouaire_lane1H3K27AcOHT_rmdups.bam	HMFMNBGXJ_Pool_ALF_300621_21s002973-1-1_Clouaire_lane1H3K27AcOHT_rmdups.bam	ChIP-seq	.	OHT	H3K27Ac_OHT		HMFMNBGXJ_Pool_ALF_300621_21s002973-1-1_Clouaire_lane1H3K27AcOHT_rmdups.bam
bwa_aln_hg19_h3k36me2_mOHT.nodups.BAM	bwa_aln_hg19_h3k36me2_mOHT.nodups.BAM	ChIP-seq	.	DIvA	H3K36me2		bwa_aln_hg19_h3k36me2_mOHT.nodups.BAM
bwa_aln_hg19_h3k36me2_pOHT.nodups.BAM	bwa_aln_hg19_h3k36me2_pOHT.nodups.BAM	ChIP-seq	.	OHT	H3K36me2_OHT		bwa_aln_hg19_h3k36me2_pOHT.nodups.BAM
bwa_aln_hg19_h3k36me3_mOHT.nodups.BAM	bwa_aln_hg19_h3k36me3_mOHT.nodups.BAM	ChIP-seq	.	DIvA	H3K36me3		bwa_aln_hg19_h3k36me3_mOHT.nodups.BAM
bwa_aln_hg19_h3k36me3_pOHT.nodups.BAM	bwa_aln_hg19_h3k36me3_pOHT.nodups.BAM	ChIP-seq	.	OHT	H3K36me3_OHT		bwa_aln_hg19_h3k36me3_pOHT.nodups.BAM
HMFMNBGXJ_Pool_ALF_300621_21s002973-1-1_Clouaire_lane1H3K4me1DIVA_rmdups.bam	HMFMNBGXJ_Pool_ALF_300621_21s002973-1-1_Clouaire_lane1H3K4me1DIVA_rmdups.bam	ChIP-seq	.	DIvA	H3K4me1		HMFMNBGXJ_Pool_ALF_300621_21s002973-1-1_Clouaire_lane1H3K4me1DIVA_rmdups.bam
H3K4me2_-OHT_hg19.sorted.nodups.bam	H3K4me2_-OHT_hg19.sorted.nodups.bam	ChIP-seq	.	DIvA	H3K4me2	Yes	H3K4me2_-OHT_hg19.sorted.nodups.bam
H3K4me2_+OHT_hg19.sorted.nodups.bam	H3K4me2_+OHT_hg19.sorted.nodups.bam	ChIP-seq	.	OHT	H3K4me2_OHT	Yes	H3K4me2_+OHT_hg19.sorted.nodups.bam
HMFMNBGXJ_Pool_ALF_300621_21s002973-1-1_Clouaire_lane1H3K4me1OHT_rmdups.bam	HMFMNBGXJ_Pool_ALF_300621_21s002973-1-1_Clouaire_lane1H3K4me1OHT_rmdups.bam	ChIP-seq	.	OHT	H3K4me2_OHT		HMFMNBGXJ_Pool_ALF_300621_21s002973-1-1_Clouaire_lane1H3K4me1OHT_rmdups.bam
H3K4me3.nodups.bam	H3K4me3.nodups.bam	ChIP-seq	.	DIvA	H3K4me3	Yes	H3K4me3.nodups.bam
AACGH2NM5_CUTTag_Pool1_22s004567-1-1_Clouaire_lane1CUTTagH3K4me3noOHT_rmdups.bam	AACGH2NM5_CUTTag_Pool1_22s004567-1-1_Clouaire_lane1CUTTagH3K4me3noOHT_rmdups.bam	CUT&Tag	.	DIvA	H3K4me3	No	AACGH2NM5_CUTTag_Pool1_22s004567-1-1_Clouaire_lane1CUTTagH3K4me3noOHT_rmdups.bam
merged_AACKYHMM5_AACKYHMM5_H3K4me3DivARC1Ctag_rmdups.bam	merged_AACKYHMM5_AACKYHMM5_H3K4me3DivARC1Ctag_rmdups.bam	CUT&Tag	.	DIvA	H3K4me3		merged_AACKYHMM5_AACKYHMM5_H3K4me3DivARC1Ctag_rmdups.bam
AACGH2NM5_CUTTag_Pool1_22s004567-1-1_Clouaire_lane1CUTTagH3K4me324hOHT_rmdups.bam	AACGH2NM5_CUTTag_Pool1_22s004567-1-1_Clouaire_lane1CUTTagH3K4me324hOHT_rmdups.bam	CUT&Tag	.	OHT	H3K4me3_24hOHT	No	AACGH2NM5_CUTTag_Pool1_22s004567-1-1_Clouaire_lane1CUTTagH3K4me324hOHT_rmdups.bam
H3K4me3_OHT.nodups.bam	H3K4me3_OHT.nodups.bam	ChIP-seq	.	OHT	H3K4me3_OHT	Yes	H3K4me3_OHT.nodups.bam
merged_AACKYHMM5_AACKYHMM5_H3K4me3OHTRC1Ctag_rmdups.bam	merged_AACKYHMM5_AACKYHMM5_H3K4me3OHTRC1Ctag_rmdups.bam	CUT&Tag	.	OHT	H3K4me3_OHT		merged_AACKYHMM5_AACKYHMM5_H3K4me3OHTRC1Ctag_rmdups.bam
merged_AACKYHMM5_AACKYHMM5_H3K4me3ab1DivAFSCtag_rmdups.bam	merged_AACKYHMM5_AACKYHMM5_H3K4me3ab1DivAFSCtag_rmdups.bam	CUT&Tag	.	DIvA	H3K4me3ab1		merged_AACKYHMM5_AACKYHMM5_H3K4me3ab1DivAFSCtag_rmdups.bam
merged_AACKYHMM5_AACKYHMM5_H3K4me3ab1OHTFSCtag_rmdups.bam	merged_AACKYHMM5_AACKYHMM5_H3K4me3ab1OHTFSCtag_rmdups.bam	CUT&Tag	.	OHT	H3K4me3ab1_OHT		merged_AACKYHMM5_AACKYHMM5_H3K4me3ab1OHTFSCtag_rmdups.bam
bwa_aln_hg19_h3k56ac_mOHT.nodups.BAM	bwa_aln_hg19_h3k56ac_mOHT.nodups.BAM	ChIP-seq	.	DIvA	H3K56ac		bwa_aln_hg19_h3k56ac_mOHT.nodups.BAM
bwa_aln_hg19_h3k56ac_pOHT.nodups.BAM	bwa_aln_hg19_h3k56ac_pOHT.nodups.BAM	ChIP-seq	.	OHT	H3K56ac_OHT		bwa_aln_hg19_h3k56ac_pOHT.nodups.BAM
bwa_aln_hg19_h3k79me2_pOHT.nodups.BAM	bwa_aln_hg19_h3k79me2_pOHT.nodups.BAM	ChIP-seq	.	OHT	H3K579me2_OHT		bwa_aln_hg19_h3k79me2_pOHT.nodups.BAM
bwa_aln_hg19_h3k79me2_mOHT.nodups.BAM	bwa_aln_hg19_h3k79me2_mOHT.nodups.BAM	ChIP-seq	.	DIvA	H3K79me2		bwa_aln_hg19_h3k79me2_mOHT.nodups.BAM
H3K9me2.nodups.bam	H3K9me2.nodups.bam	ChIP-seq	.	DIvA	H3K9me2	Yes	H3K9me2.nodups.bam
H3K9me2_OHT.nodups.bam	H3K9me2_OHT.nodups.bam	ChIP-seq	.	OHT	H3K9me2_OHT	Yes	H3K9me2_OHT.nodups.bam
HWNTLBGX3_H3K9me3_DIVA_17s005723-1-1_Clouaire_lane117s005723_sequence.rmdups.bam	HWNTLBGX3_H3K9me3_DIVA_17s005723-1-1_Clouaire_lane117s005723_sequence.rmdups.bam	ChIP-seq	.	DIvA	H3K9me3	Yes	HWNTLBGX3_H3K9me3_DIVA_17s005723-1-1_Clouaire_lane117s005723_sequence.rmdups.bam
HWNTLBGX3_H3K9me3_OHT_DIVA_17s005724-1-1_Clouaire_lane117s005724_sequence.rmdups.bam	HWNTLBGX3_H3K9me3_OHT_DIVA_17s005724-1-1_Clouaire_lane117s005724_sequence.rmdups.bam	ChIP-seq	.	OHT	H3K9me3_OHT	Yes	HWNTLBGX3_H3K9me3_OHT_DIVA_17s005724-1-1_Clouaire_lane117s005724_sequence.rmdups.bam
C8LVDACXX_H4K12ac_DIVA_16s000908-1-1_Clouaire_lane116s000908.nodups.bam	C8LVDACXX_H4K12ac_DIVA_16s000908-1-1_Clouaire_lane116s000908.nodups.bam	ChIP-seq	.	DIvA	H4K12ac	Yes	C8LVDACXX_H4K12ac_DIVA_16s000908-1-1_Clouaire_lane116s000908.nodups.bam
H4K12ac.nodups.bam	H4K12ac.nodups.bam	ChIP-seq	.	DIvA	H4K12ac	Yes	H4K12ac.nodups.bam
C8LVDACXX_H4K12ac_OHT_DIVA_16s000909-1-1_Clouaire_lane116s000909.nodups.bam	C8LVDACXX_H4K12ac_OHT_DIVA_16s000909-1-1_Clouaire_lane116s000909.nodups.bam	ChIP-seq	.	OHT	H4K12ac_OHT	Yes	C8LVDACXX_H4K12ac_OHT_DIVA_16s000909-1-1_Clouaire_lane116s000909.nodups.bam
H4K12ac_OHT.nodups.bam	H4K12ac_OHT.nodups.bam	ChIP-seq	.	OHT	H4K12ac_OHT	Yes	H4K12ac_OHT.nodups.bam
H4K16ac_-OHT_hg19.sorted.nodups.bam	H4K16ac_-OHT_hg19.sorted.nodups.bam	ChIP-seq	.	DIvA	H4K16ac	Yes	H4K16ac_-OHT_hg19.sorted.nodups.bam
HVW7VBGXX_H4K16ac_DIVA_16s000430-1-1_Clouaire_lane116s000430_sequence.nodups.bam	HVW7VBGXX_H4K16ac_DIVA_16s000430-1-1_Clouaire_lane116s000430_sequence.nodups.bam	ChIP-seq	.	DIvA	H4K16ac	Yes	HVW7VBGXX_H4K16ac_DIVA_16s000430-1-1_Clouaire_lane116s000430_sequence.nodups.bam
H4K16ac_+OHT_hg19.sorted.nodups.bam	H4K16ac_+OHT_hg19.sorted.nodups.bam	ChIP-seq	.	OHT	H4K16ac_OHT	Yes	H4K16ac_+OHT_hg19.sorted.nodups.bam
HVW7VBGXX_H4K16ac_OHT_DIVA_16s000431-1-1_Clouaire_lane116s000431_sequence.nodups.bam	HVW7VBGXX_H4K16ac_OHT_DIVA_16s000431-1-1_Clouaire_lane116s000431_sequence.nodups.bam	ChIP-seq	.	OHT	H4K16ac_OHT	Yes	HVW7VBGXX_H4K16ac_OHT_DIVA_16s000431-1-1_Clouaire_lane116s000431_sequence.nodups.bam
bwa_aln_hg19_h4k20me1_mOHT.nodups.BAM	bwa_aln_hg19_h4k20me1_mOHT.nodups.BAM	ChIP-seq	.	DIvA	H4K20me1	Yes	bwa_aln_hg19_h4k20me1_mOHT.nodups.BAM
H4K20me1Mono.nodups.bam	H4K20me1Mono.nodups.bam	ChIP-seq	.	DIvA	H4K20me1	Yes	H4K20me1Mono.nodups.bam
bwa_aln_hg19_h4k20me1_pOHT.nodups.BAM	bwa_aln_hg19_h4k20me1_pOHT.nodups.BAM	ChIP-seq	.	OHT	H4K20me1_OHT	Yes	bwa_aln_hg19_h4k20me1_pOHT.nodups.BAM
H4K20me1Mono_OHT.nodups.bam	H4K20me1Mono_OHT.nodups.bam	ChIP-seq	.	OHT	H4K20me1_OHT	Yes	H4K20me1Mono_OHT.nodups.bam
HFJNHBGX5_H4K20me2_DIVA_17s005866-1-1_Clouaire_lane117s005866_sequence.rmdups.bam	HFJNHBGX5_H4K20me2_DIVA_17s005866-1-1_Clouaire_lane117s005866_sequence.rmdups.bam	ChIP-seq	.	DIvA	H4K20me2	Yes	HFJNHBGX5_H4K20me2_DIVA_17s005866-1-1_Clouaire_lane117s005866_sequence.rmdups.bam
HVL7VBGX5_H4K20me2_AS_DIVA_18s000862-1-1_Clouaire_lane118s000862_sequence.rmdups.bam	HVL7VBGX5_H4K20me2_AS_DIVA_18s000862-1-1_Clouaire_lane118s000862_sequence.rmdups.bam	ChIP-seq	.	DIvA	H4K20me2	Yes	HVL7VBGX5_H4K20me2_AS_DIVA_18s000862-1-1_Clouaire_lane118s000862_sequence.rmdups.bam
HFJNHBGX5_H4K20me2_OHT_17s005867-1-1_Clouaire_lane117s005867_sequence.rmdups.bam	HFJNHBGX5_H4K20me2_OHT_17s005867-1-1_Clouaire_lane117s005867_sequence.rmdups.bam	ChIP-seq	.	OHT	H4K20me2_OHT	Yes	HFJNHBGX5_H4K20me2_OHT_17s005867-1-1_Clouaire_lane117s005867_sequence.rmdups.bam
HVL7VBGX5_H4K20me2_AS_OHT_18s000863-1-1_Clouaire_lane118s000863_sequence.rmdups.bam	HVL7VBGX5_H4K20me2_AS_OHT_18s000863-1-1_Clouaire_lane118s000863_sequence.rmdups.bam	ChIP-seq	.	OHT	H4K20me2_OHT	Yes	HVL7VBGX5_H4K20me2_AS_OHT_18s000863-1-1_Clouaire_lane118s000863_sequence.rmdups.bam
HW5G7BGX5_H4K20me2_S_DIVA_18s000858-1-1_Clouaire_lane118s000858_sequence.rmdups.bam	HW5G7BGX5_H4K20me2_S_DIVA_18s000858-1-1_Clouaire_lane118s000858_sequence.rmdups.bam	ChIP-seq	.	DIvA	H4K20me2_S	Yes	HW5G7BGX5_H4K20me2_S_DIVA_18s000858-1-1_Clouaire_lane118s000858_sequence.rmdups.bam
HW5G7BGX5_H4K20me2_S_OHT_18s000859-1-1_Clouaire_lane118s000859_sequence.rmdups.bam	HW5G7BGX5_H4K20me2_S_OHT_18s000859-1-1_Clouaire_lane118s000859_sequence.rmdups.bam	ChIP-seq	.	OHT	H4K20me2_S_OHT	Yes	HW5G7BGX5_H4K20me2_S_OHT_18s000859-1-1_Clouaire_lane118s000859_sequence.rmdups.bam
HK27MBGX7_H4K20me3_CS_18s001893-1-1_Clouaire_lane118s001893_sequence.rmdups.bam	HK27MBGX7_H4K20me3_CS_18s001893-1-1_Clouaire_lane118s001893_sequence.rmdups.bam	ChIP-seq	.	DIvA	H4K20me3	Yes	HK27MBGX7_H4K20me3_CS_18s001893-1-1_Clouaire_lane118s001893_sequence.rmdups.bam
HMNY7BGXX_H4K20me3_DIVA_16s000422-1-1_Clouaire_lane116s000422_sequence.nodups.bam	HMNY7BGXX_H4K20me3_DIVA_16s000422-1-1_Clouaire_lane116s000422_sequence.nodups.bam	ChIP-seq	.	DIvA	H4K20me3	Yes	HMNY7BGXX_H4K20me3_DIVA_16s000422-1-1_Clouaire_lane116s000422_sequence.nodups.bam
HYJW5BGX5_H4K20me3_AS_DIVA_18s000866-1-1_Clouaire_lane118s000866_sequence.rmdups.bam	HYJW5BGX5_H4K20me3_AS_DIVA_18s000866-1-1_Clouaire_lane118s000866_sequence.rmdups.bam	ChIP-seq	.	DIvA	H4K20me3	Yes	HYJW5BGX5_H4K20me3_AS_DIVA_18s000866-1-1_Clouaire_lane118s000866_sequence.rmdups.bam
H2VFWBGX5_H4K20me3_G1_17s005719-1-1_Clouaire_lane117s005719_sequence.rmdups.bam	H2VFWBGX5_H4K20me3_G1_17s005719-1-1_Clouaire_lane117s005719_sequence.rmdups.bam	ChIP-seq	.	DIvA	H4K20me3_G1	Yes	H2VFWBGX5_H4K20me3_G1_17s005719-1-1_Clouaire_lane117s005719_sequence.rmdups.bam
H2VFWBGX5_H4K20me3_G1_OHT_17s005720-1-1_Clouaire_lane117s005720_sequence.rmdups.bam	H2VFWBGX5_H4K20me3_G1_OHT_17s005720-1-1_Clouaire_lane117s005720_sequence.rmdups.bam	ChIP-seq	.	OHT	H4K20me3_G1_OHT	Yes	H2VFWBGX5_H4K20me3_G1_OHT_17s005720-1-1_Clouaire_lane117s005720_sequence.rmdups.bam
H2VFWBGX5_H4K20me3_G2_17s005721-1-1_Clouaire_lane117s005721_sequence.rmdups.bam	H2VFWBGX5_H4K20me3_G2_17s005721-1-1_Clouaire_lane117s005721_sequence.rmdups.bam	ChIP-seq	.	DIvA	H4K20me3_G2	Yes	H2VFWBGX5_H4K20me3_G2_17s005721-1-1_Clouaire_lane117s005721_sequence.rmdups.bam
H2VFWBGX5_H4K20me3_G2_OHT_17s005722-1-1_Clouaire_lane117s005722_sequence.rmdups.bam	H2VFWBGX5_H4K20me3_G2_OHT_17s005722-1-1_Clouaire_lane117s005722_sequence.rmdups.bam	ChIP-seq	.	OHT	H4K20me3_G2_OHT	Yes	H2VFWBGX5_H4K20me3_G2_OHT_17s005722-1-1_Clouaire_lane117s005722_sequence.rmdups.bam
HMNY7BGXX_H4K20me3_OHT_DI_16s000423-1-1_Clouaire_lane116s000423_sequence.nodups.bam	HMNY7BGXX_H4K20me3_OHT_DI_16s000423-1-1_Clouaire_lane116s000423_sequence.nodups.bam	ChIP-seq	.	OHT	H4K20me3_OHT	Yes	HMNY7BGXX_H4K20me3_OHT_DI_16s000423-1-1_Clouaire_lane116s000423_sequence.nodups.bam
HYJW5BGX5_H4K20me3_S_DIVA_18s000860-1-1_Clouaire_lane118s000860_sequence.rmdups.bam	HYJW5BGX5_H4K20me3_S_DIVA_18s000860-1-1_Clouaire_lane118s000860_sequence.rmdups.bam	ChIP-seq	.	DIvA	H4K20me3_S	Yes	HYJW5BGX5_H4K20me3_S_DIVA_18s000860-1-1_Clouaire_lane118s000860_sequence.rmdups.bam
HYJW5BGX5_H4K20me3_S_OHT_18s000861-1-1_Clouaire_lane118s000861_sequence.rmdups.bam	HYJW5BGX5_H4K20me3_S_OHT_18s000861-1-1_Clouaire_lane118s000861_sequence.rmdups.bam	ChIP-seq	.	OHT	H4K20me3_S_OHT	Yes	HYJW5BGX5_H4K20me3_S_OHT_18s000861-1-1_Clouaire_lane118s000861_sequence.rmdups.bam
H4S1P.nodups.bam	H4S1P.nodups.bam	ChIP-seq	.	DIvA	H4S1P		H4S1P.nodups.bam
H4S1P_OHT.nodups.bam	H4S1P_OHT.nodups.bam	ChIP-seq	.	OHT	H4S1P_OHT		H4S1P_OHT.nodups.bam
AACGH2NM5_CUTTag_Pool1_22s004567-1-1_Clouaire_lane1CUTTagIgGnoOHT_rmdups.bam	AACGH2NM5_CUTTag_Pool1_22s004567-1-1_Clouaire_lane1CUTTagIgGnoOHT_rmdups.bam	CUT&Tag	.	DIvA	IgG	No	AACGH2NM5_CUTTag_Pool1_22s004567-1-1_Clouaire_lane1CUTTagIgGnoOHT_rmdups.bam
merged_AACKYHMM5_AACKYHMM5_IgGDivAFS1Ctag_rmdups.bam	merged_AACKYHMM5_AACKYHMM5_IgGDivAFS1Ctag_rmdups.bam	CUT&Tag	.	DIvA	igG		merged_AACKYHMM5_AACKYHMM5_IgGDivAFS1Ctag_rmdups.bam
merged_AACKYHMM5_AACKYHMM5_IgGDivARC1Ctag_rmdups.bam	merged_AACKYHMM5_AACKYHMM5_IgGDivARC1Ctag_rmdups.bam	CUT&Tag	.	DIvA	igG		merged_AACKYHMM5_AACKYHMM5_IgGDivARC1Ctag_rmdups.bam
merged_AACKYHMM5_AACKYHMM5_IgGDivARC2Ctag_rmdups.bam	merged_AACKYHMM5_AACKYHMM5_IgGDivARC2Ctag_rmdups.bam	CUT&Tag	.	DIvA	igG		merged_AACKYHMM5_AACKYHMM5_IgGDivARC2Ctag_rmdups.bam
merged_AACKYHMM5_AACKYHMM5_IgGDivARC3Ctag_rmdups.bam	merged_AACKYHMM5_AACKYHMM5_IgGDivARC3Ctag_rmdups.bam	CUT&Tag	.	DIvA	igG		merged_AACKYHMM5_AACKYHMM5_IgGDivARC3Ctag_rmdups.bam
AACGH2NM5_CUTTag_Pool1_22s004567-1-1_Clouaire_lane1CUTTagIgG24hOHT_rmdups.bam	AACGH2NM5_CUTTag_Pool1_22s004567-1-1_Clouaire_lane1CUTTagIgG24hOHT_rmdups.bam	CUT&Tag	.	OHT	IgG_24hOHT	No	AACGH2NM5_CUTTag_Pool1_22s004567-1-1_Clouaire_lane1CUTTagIgG24hOHT_rmdups.bam
merged_AACKYHMM5_AACKYHMM5_IgGOHTFS1Ctag_rmdups.bam	merged_AACKYHMM5_AACKYHMM5_IgGOHTFS1Ctag_rmdups.bam	CUT&Tag	.	OHT	igG_OHT		merged_AACKYHMM5_AACKYHMM5_IgGOHTFS1Ctag_rmdups.bam
merged_AACKYHMM5_AACKYHMM5_IgGOHTRC1Ctag_rmdups.bam	merged_AACKYHMM5_AACKYHMM5_IgGOHTRC1Ctag_rmdups.bam	CUT&Tag	.	OHT	igG_OHT		merged_AACKYHMM5_AACKYHMM5_IgGOHTRC1Ctag_rmdups.bam
merged_AACKYHMM5_AACKYHMM5_IgGOHTRC2Ctag_rmdups.bam	merged_AACKYHMM5_AACKYHMM5_IgGOHTRC2Ctag_rmdups.bam	CUT&Tag	.	OHT	igG_OHT		merged_AACKYHMM5_AACKYHMM5_IgGOHTRC2Ctag_rmdups.bam
merged_AACKYHMM5_AACKYHMM5_IgGOHTRC3Ctag_rmdups.bam	merged_AACKYHMM5_AACKYHMM5_IgGOHTRC3Ctag_rmdups.bam	CUT&Tag	.	OHT	igG_OHT		merged_AACKYHMM5_AACKYHMM5_IgGOHTRC3Ctag_rmdups.bam
HLNKYBGXC_Pool_ChIP-seq_legube_19s004478-1-1_Clouaire_lane1InputDIvA_sequence.input.rmdups.bam	HLNKYBGXC_Pool_ChIP-seq_legube_19s004478-1-1_Clouaire_lane1InputDIvA_sequence.input.rmdups.bam	ChIP-seq	.	DIvA	input	I think yes	HLNKYBGXC_Pool_ChIP-seq_legube_19s004478-1-1_Clouaire_lane1InputDIvA_sequence.input.rmdups.bam
HVL7VBGX5_Lig4_2_DIVA_18s000868-1-1_Clouaire_lane118s000868_sequence.rmdups.bam	HVL7VBGX5_Lig4_2_DIVA_18s000868-1-1_Clouaire_lane118s000868_sequence.rmdups.bam	ChIP-seq	.	DIvA	Lig4		HVL7VBGX5_Lig4_2_DIVA_18s000868-1-1_Clouaire_lane118s000868_sequence.rmdups.bam
HVL7VBGX5_Lig4_2_OHT_18s000869-1-1_Clouaire_lane118s000869_sequence.rmdups.bam	HVL7VBGX5_Lig4_2_OHT_18s000869-1-1_Clouaire_lane118s000869_sequence.rmdups.bam	ChIP-seq	.	OHT	Lig4_OHT	Yes	HVL7VBGX5_Lig4_2_OHT_18s000869-1-1_Clouaire_lane118s000869_sequence.rmdups.bam
HMNY7BGXX_MacroH2A_DIVA_16s000416-1-1_Clouaire_lane116s000416_sequence.nodups.bam	HMNY7BGXX_MacroH2A_DIVA_16s000416-1-1_Clouaire_lane116s000416_sequence.nodups.bam	ChIP-seq	.	DIvA	MacroH2A	Yes	HMNY7BGXX_MacroH2A_DIVA_16s000416-1-1_Clouaire_lane116s000416_sequence.nodups.bam
HMNY7BGXX_MacroH2A_OHT_DIV_16s000417-1-1_Clouaire_lane116s000417_sequence.nodups.bam	HMNY7BGXX_MacroH2A_OHT_DIV_16s000417-1-1_Clouaire_lane116s000417_sequence.nodups.bam	ChIP-seq	.	OHT	MacroH2A_OHT	Yes	HMNY7BGXX_MacroH2A_OHT_DIV_16s000417-1-1_Clouaire_lane116s000417_sequence.nodups.bam
HK27MBGX7_MDC1_18s001901-1-1_Clouaire_lane118s001901_sequence.rmdups.bam	HK27MBGX7_MDC1_18s001901-1-1_Clouaire_lane118s001901_sequence.rmdups.bam	ChIP-seq	.	DIvA	MDC1	Yes	HK27MBGX7_MDC1_18s001901-1-1_Clouaire_lane118s001901_sequence.rmdups.bam
HK27MBGX7_MDC1_OHT_18s001902-1-1_Clouaire_lane118s001902_sequence.rmdups.bam	HK27MBGX7_MDC1_OHT_18s001902-1-1_Clouaire_lane118s001902_sequence.rmdups.bam	ChIP-seq	.	OHT	MDC1_OHT	Yes	HK27MBGX7_MDC1_OHT_18s001902-1-1_Clouaire_lane118s001902_sequence.rmdups.bam
merged_AACKYHMM5_AACKYHMM5_METTL3ab1DivAFSCtag_rmdups.bam	merged_AACKYHMM5_AACKYHMM5_METTL3ab1DivAFSCtag_rmdups.bam	CUT&Tag	.	DIvA	METTL3ab1		merged_AACKYHMM5_AACKYHMM5_METTL3ab1DivAFSCtag_rmdups.bam
merged_AACKYHMM5_AACKYHMM5_METTL3ab1OHTFSCtag_rmdups.bam	merged_AACKYHMM5_AACKYHMM5_METTL3ab1OHTFSCtag_rmdups.bam	CUT&Tag	.	OHT	METTL3ab1_OHT		merged_AACKYHMM5_AACKYHMM5_METTL3ab1OHTFSCtag_rmdups.bam
merged_AACKYHMM5_AACKYHMM5_METTL3ab2DivAFSCtag_rmdups.bam	merged_AACKYHMM5_AACKYHMM5_METTL3ab2DivAFSCtag_rmdups.bam	CUT&Tag	.	DIvA	METTL3ab2		merged_AACKYHMM5_AACKYHMM5_METTL3ab2DivAFSCtag_rmdups.bam
merged_AACKYHMM5_AACKYHMM5_METTL3ab2OHTFSCtag_rmdups.bam	merged_AACKYHMM5_AACKYHMM5_METTL3ab2OHTFSCtag_rmdups.bam	CUT&Tag	.	OHT	METTL3ab2_OHT		merged_AACKYHMM5_AACKYHMM5_METTL3ab2OHTFSCtag_rmdups.bam
merged_AACKYHMM5_AACKYHMM5_METTL3ab3DivAFSCtag_rmdups.bam	merged_AACKYHMM5_AACKYHMM5_METTL3ab3DivAFSCtag_rmdups.bam	CUT&Tag	.	OHT	METTL3ab3_OHT		merged_AACKYHMM5_AACKYHMM5_METTL3ab3DivAFSCtag_rmdups.bam
merged_AACKYHMM5_AACKYHMM5_METTL3ab3OHTFSCtag_rmdups.bam	merged_AACKYHMM5_AACKYHMM5_METTL3ab3OHTFSCtag_rmdups.bam	CUT&Tag	.	OHT	METTL3ab3_OHT		merged_AACKYHMM5_AACKYHMM5_METTL3ab3OHTFSCtag_rmdups.bam
merged_AACKYHHM5_AACK3GHM5_MRE11DivARCCtag_rmdups.bam	merged_AACKYHHM5_AACK3GHM5_MRE11DivARCCtag_rmdups.bam	CUT&Tag	.	DIvA	MRE11		merged_AACKYHHM5_AACK3GHM5_MRE11DivARCCtag_rmdups.bam
merged_AACKYHHM5_AACK3GHM5_MRE11OHTRCCtag_rmdups.bam	merged_AACKYHHM5_AACK3GHM5_MRE11OHTRCCtag_rmdups.bam	CUT&Tag	.	OHT	MRE11_OHT		merged_AACKYHHM5_AACK3GHM5_MRE11OHTRCCtag_rmdups.bam
merged_AACKYHHM5_AACK3GHM5_NBS1DivARCCtag_rmdups.bam	merged_AACKYHHM5_AACK3GHM5_NBS1DivARCCtag_rmdups.bam	CUT&Tag	.	DIvA	NBS1		merged_AACKYHHM5_AACK3GHM5_NBS1DivARCCtag_rmdups.bam
HVW7VBGXX_NBS1_OHT_DIVA_16s000429-1-1_Clouaire_lane116s000429_sequence.nodups.bam	HVW7VBGXX_NBS1_OHT_DIVA_16s000429-1-1_Clouaire_lane116s000429_sequence.nodups.bam	ChIP-seq	.	OHT	NBS1_OHT	No	HVW7VBGXX_NBS1_OHT_DIVA_16s000429-1-1_Clouaire_lane116s000429_sequence.nodups.bam
merged_AACKYHHM5_AACK3GHM5_NBS1OHTRCCtag_rmdups.bam	merged_AACKYHHM5_AACK3GHM5_NBS1OHTRCCtag_rmdups.bam	CUT&Tag	.	OHT	NBS1_OHT		merged_AACKYHHM5_AACK3GHM5_NBS1OHTRCCtag_rmdups.bam
AAANKTKM5_Pool_ALF_210222_22s001054-1-1_Clouaire_lane1PATMNoDRB_rmdups.bam	AAANKTKM5_Pool_ALF_210222_22s001054-1-1_Clouaire_lane1PATMNoDRB_rmdups.bam	ChIP-seq	.	DIvA	pATM	No	AAANKTKM5_Pool_ALF_210222_22s001054-1-1_Clouaire_lane1PATMNoDRB_rmdups.bam
AACJ3CCM5_Pool_191222_22s005133-1-1_Clouaire_lane1PATMDIvAalf_rmdups.bam	AACJ3CCM5_Pool_191222_22s005133-1-1_Clouaire_lane1PATMDIvAalf_rmdups.bam	ChIP-seq	.	DIvA	pATM		AACJ3CCM5_Pool_191222_22s005133-1-1_Clouaire_lane1PATMDIvAalf_rmdups.bam
AACJ3CCM5_Pool_191222_22s005133-1-1_Clouaire_lane1PATMDIvAseb_rmdups.bam	AACJ3CCM5_Pool_191222_22s005133-1-1_Clouaire_lane1PATMDIvAseb_rmdups.bam	ChIP-seq	.	DIvA	pATM		AACJ3CCM5_Pool_191222_22s005133-1-1_Clouaire_lane1PATMDIvAseb_rmdups.bam
AACGH2NM5_CUTTag_Pool1_22s004567-1-1_Clouaire_lane1CUTTagpATMnoOHT_rmdups.bam	AACGH2NM5_CUTTag_Pool1_22s004567-1-1_Clouaire_lane1CUTTagpATMnoOHT_rmdups.bam	CUT&Tag	.	DIvA	pATM	No	AACGH2NM5_CUTTag_Pool1_22s004567-1-1_Clouaire_lane1CUTTagpATMnoOHT_rmdups.bam
merged_AACKYHHM5_AACK3GHM5_pATMDivARCCtag_rmdups.bam	merged_AACKYHHM5_AACK3GHM5_pATMDivARCCtag_rmdups.bam	CUT&Tag	.	DIvA	pATM		merged_AACKYHHM5_AACK3GHM5_pATMDivARCCtag_rmdups.bam
AAANKTKM5_Pool_ALF_210222_22s001054-1-1_Clouaire_lane1PATMsiCtrlDiVA_rmdups.bam	AAANKTKM5_Pool_ALF_210222_22s001054-1-1_Clouaire_lane1PATMsiCtrlDiVA_rmdups.bam	ChIP-seq	.	DIvA	pATM	No	AAANKTKM5_Pool_ALF_210222_22s001054-1-1_Clouaire_lane1PATMsiCtrlDiVA_rmdups.bam
AACJ3CCM5_Pool_191222_22s005133-1-1_Clouaire_lane1PATMcuraalf_rmdups.bam	AACJ3CCM5_Pool_191222_22s005133-1-1_Clouaire_lane1PATMcuraalf_rmdups.bam	ChIP-seq	.	DIvA	pATM_curaxin		AACJ3CCM5_Pool_191222_22s005133-1-1_Clouaire_lane1PATMcuraalf_rmdups.bam
AACGH2NM5_CUTTag_Pool1_22s004567-1-1_Clouaire_lane1CUTTagpATM24hOHT_rmdups.bam	AACGH2NM5_CUTTag_Pool1_22s004567-1-1_Clouaire_lane1CUTTagpATM24hOHT_rmdups.bam	CUT&Tag	.	OHT	pATM_24hOHT	No	AACGH2NM5_CUTTag_Pool1_22s004567-1-1_Clouaire_lane1CUTTagpATM24hOHT_rmdups.bam
AAANKTKM5_Pool_ALF_210222_22s001054-1-1_Clouaire_lane1PATMDRB_rmdups.bam	AAANKTKM5_Pool_ALF_210222_22s001054-1-1_Clouaire_lane1PATMDRB_rmdups.bam	ChIP-seq	.	DIvA	pATM_DRB		AAANKTKM5_Pool_ALF_210222_22s001054-1-1_Clouaire_lane1PATMDRB_rmdups.bam
merged_AACKYHHM5_AACK3GHM5_pATMOHTRCCtag_rmdups.bam	merged_AACKYHHM5_AACK3GHM5_pATMOHTRCCtag_rmdups.bam	CUT&Tag	.	OHT	pATM_OHT		merged_AACKYHHM5_AACK3GHM5_pATMOHTRCCtag_rmdups.bam
AAANKTKM5_Pool_ALF_210222_22s001054-1-1_Clouaire_lane1PATMsiCtrlOHT_rmdups.bam	AAANKTKM5_Pool_ALF_210222_22s001054-1-1_Clouaire_lane1PATMsiCtrlOHT_rmdups.bam	ChIP-seq	.	OHT	pATM_siCtrl_OHT	No	AAANKTKM5_Pool_ALF_210222_22s001054-1-1_Clouaire_lane1PATMsiCtrlOHT_rmdups.bam
AAANKTKM5_Pool_ALF_210222_22s001054-1-1_Clouaire_lane1PATMSiSCC1DiVA_rmdups.bam	AAANKTKM5_Pool_ALF_210222_22s001054-1-1_Clouaire_lane1PATMSiSCC1DiVA_rmdups.bam	ChIP-seq	.	DIvA	pATM_siSCC1		AAANKTKM5_Pool_ALF_210222_22s001054-1-1_Clouaire_lane1PATMSiSCC1DiVA_rmdups.bam
merged_AACKYHHM5_AACK3GHM5_pNBS1DivARCCtag_rmdups.bam	merged_AACKYHHM5_AACK3GHM5_pNBS1DivARCCtag_rmdups.bam	CUT&Tag	.	DIvA	pNBS1		merged_AACKYHHM5_AACK3GHM5_pNBS1DivARCCtag_rmdups.bam
merged_AACKYHHM5_AACK3GHM5_pNBS1OHTRCCtag_rmdups.bam	merged_AACKYHHM5_AACK3GHM5_pNBS1OHTRCCtag_rmdups.bam	CUT&Tag	.	OHT	pNBS1_OHT		merged_AACKYHHM5_AACK3GHM5_pNBS1OHTRCCtag_rmdups.bam
HVW7VBGXX_Pol2S2P_DIVA_16s000427-1-1_Clouaire_lane116s000427_sequence.nodups.bam	HVW7VBGXX_Pol2S2P_DIVA_16s000427-1-1_Clouaire_lane116s000427_sequence.nodups.bam	ChIP-seq	.	DIvA	Pol2S2P	No	HVW7VBGXX_Pol2S2P_DIVA_16s000427-1-1_Clouaire_lane116s000427_sequence.nodups.bam
HMFMNBGXJ_Pool_ALF_300621_21s002973-1-1_Clouaire_lane1Pol3RADIVA_rmdups.bam	HMFMNBGXJ_Pool_ALF_300621_21s002973-1-1_Clouaire_lane1Pol3RADIVA_rmdups.bam	ChIP-seq	.	DIvA	Pol3RA		HMFMNBGXJ_Pool_ALF_300621_21s002973-1-1_Clouaire_lane1Pol3RADIVA_rmdups.bam
HMFMNBGXJ_Pool_ALF_300621_21s002973-1-1_Clouaire_lane1Pol3RAOHT_rmdups.bam	HMFMNBGXJ_Pool_ALF_300621_21s002973-1-1_Clouaire_lane1Pol3RAOHT_rmdups.bam	ChIP-seq	.	OHT	Pol3RA_OHT		HMFMNBGXJ_Pool_ALF_300621_21s002973-1-1_Clouaire_lane1Pol3RAOHT_rmdups.bam
HMFMNBGXJ_Pool_ALF_300621_21s002973-1-1_Clouaire_lane1Pol3REDIVA_rmdups.bam	HMFMNBGXJ_Pool_ALF_300621_21s002973-1-1_Clouaire_lane1Pol3REDIVA_rmdups.bam	ChIP-seq	.	DIvA	Pol3RE		HMFMNBGXJ_Pool_ALF_300621_21s002973-1-1_Clouaire_lane1Pol3REDIVA_rmdups.bam
HMFMNBGXJ_Pool_ALF_300621_21s002973-1-1_Clouaire_lane1Pol3REOHT_rmdups.bam	HMFMNBGXJ_Pool_ALF_300621_21s002973-1-1_Clouaire_lane1Pol3REOHT_rmdups.bam	ChIP-seq	.	OHT	Pol3RE_OHT		HMFMNBGXJ_Pool_ALF_300621_21s002973-1-1_Clouaire_lane1Pol3REOHT_rmdups.bam
bwa_aln_hg19_polII.nodups.bam	bwa_aln_hg19_polII.nodups.bam	ChIP-seq	.	DIvA	polII	Yes	bwa_aln_hg19_polII.nodups.bam
HLNKYBGXC_Pool_ChIP-seq_legube_19s004478-1-1_Clouaire_lane1Rad21DIvA_sequence.exp.rmdups.bam	HLNKYBGXC_Pool_ChIP-seq_legube_19s004478-1-1_Clouaire_lane1Rad21DIvA_sequence.exp.rmdups.bam	ChIP-seq	.	DIvA	RAD21	Yes	HLNKYBGXC_Pool_ChIP-seq_legube_19s004478-1-1_Clouaire_lane1Rad21DIvA_sequence.exp.rmdups.bam
merged_AACKYHHM5_AACK3GHM5_RAD50ab1DivARCCtag_rmdups.bam	merged_AACKYHHM5_AACK3GHM5_RAD50ab1DivARCCtag_rmdups.bam	CUT&Tag	.	DIvA	RAD50ab1		merged_AACKYHHM5_AACK3GHM5_RAD50ab1DivARCCtag_rmdups.bam
merged_AACKYHHM5_AACK3GHM5_RAD50ab1OHTRCCtag_rmdups.bam	merged_AACKYHHM5_AACK3GHM5_RAD50ab1OHTRCCtag_rmdups.bam	CUT&Tag	.	OHT	RAD50ab1_OHT		merged_AACKYHHM5_AACK3GHM5_RAD50ab1OHTRCCtag_rmdups.bam
merged_AACKYHHM5_AACK3GHM5_RAD50ab2DivARCCtag_rmdups.bam	merged_AACKYHHM5_AACK3GHM5_RAD50ab2DivARCCtag_rmdups.bam	CUT&Tag	.	DIvA	RAD50ab2		merged_AACKYHHM5_AACK3GHM5_RAD50ab2DivARCCtag_rmdups.bam
merged_AACKYHHM5_AACK3GHM5_RAD50ab2OHTRCCtag_rmdups.bam	merged_AACKYHHM5_AACK3GHM5_RAD50ab2OHTRCCtag_rmdups.bam	CUT&Tag	.	OHT	RAD50ab2_OHT		merged_AACKYHHM5_AACK3GHM5_RAD50ab2OHTRCCtag_rmdups.bam
64HK1AAXX_RAD51_12s004588-1-1_Legube_lane812s004588_sequence.rmdups.bam	64HK1AAXX_RAD51_12s004588-1-1_Legube_lane812s004588_sequence.rmdups.bam	ChIP-seq	.	DIvA	RAD51	Yes	64HK1AAXX_RAD51_12s004588-1-1_Legube_lane812s004588_sequence.rmdups.bam
HJKVVBGX5_RAD51_1H_17s006147-1-1_Clouaire_lane117s006147_sequence.rmdups.bam	HJKVVBGX5_RAD51_1H_17s006147-1-1_Clouaire_lane117s006147_sequence.rmdups.bam	ChIP-seq	.	OHT	RAD51_1hOHT	No	HJKVVBGX5_RAD51_1H_17s006147-1-1_Clouaire_lane117s006147_sequence.rmdups.bam
HJKVVBGX5_RAD51_24H_17s006149-1-1_Clouaire_lane117s006149_sequence.rmdups.bam	HJKVVBGX5_RAD51_24H_17s006149-1-1_Clouaire_lane117s006149_sequence.rmdups.bam	ChIP-seq	.	OHT	RAD51_24hOHT	Yes	HJKVVBGX5_RAD51_24H_17s006149-1-1_Clouaire_lane117s006149_sequence.rmdups.bam
HJKVVBGX5_RAD51_4H_17s006148-1-1_Clouaire_lane117s006148_sequence.rmdups.bam	HJKVVBGX5_RAD51_4H_17s006148-1-1_Clouaire_lane117s006148_sequence.rmdups.bam	ChIP-seq	.	OHT	RAD51_OHT	No	HJKVVBGX5_RAD51_4H_17s006148-1-1_Clouaire_lane117s006148_sequence.rmdups.bam
AACGH2NM5_CUTTag_Pool1_22s004567-1-1_Clouaire_lane1CUTTagRAD51ab1noOHT_rmdups.bam	AACGH2NM5_CUTTag_Pool1_22s004567-1-1_Clouaire_lane1CUTTagRAD51ab1noOHT_rmdups.bam	CUT&Tag	.	DIvA	RAD51ab1	No	AACGH2NM5_CUTTag_Pool1_22s004567-1-1_Clouaire_lane1CUTTagRAD51ab1noOHT_rmdups.bam
AACGH2NM5_CUTTag_Pool1_22s004567-1-1_Clouaire_lane1CUTTagRAD51ab124hOHT_rmdups.bam	AACGH2NM5_CUTTag_Pool1_22s004567-1-1_Clouaire_lane1CUTTagRAD51ab124hOHT_rmdups.bam	CUT&Tag	.	OHT	RAD51ab1_24hOHT	No	AACGH2NM5_CUTTag_Pool1_22s004567-1-1_Clouaire_lane1CUTTagRAD51ab124hOHT_rmdups.bam
AACGH2NM5_CUTTag_Pool1_22s004567-1-1_Clouaire_lane1CUTTagRAD51ab2noOHT_rmdups.bam	AACGH2NM5_CUTTag_Pool1_22s004567-1-1_Clouaire_lane1CUTTagRAD51ab2noOHT_rmdups.bam	CUT&Tag	.	DIvA	RAD51ab2	No	AACGH2NM5_CUTTag_Pool1_22s004567-1-1_Clouaire_lane1CUTTagRAD51ab2noOHT_rmdups.bam
AACGH2NM5_CUTTag_Pool1_22s004567-1-1_Clouaire_lane1CUTTagRAD51ab224hOHT_rmdups.bam	AACGH2NM5_CUTTag_Pool1_22s004567-1-1_Clouaire_lane1CUTTagRAD51ab224hOHT_rmdups.bam	CUT&Tag	.	OHT	RAD51ab2_24hOHT	No	AACGH2NM5_CUTTag_Pool1_22s004567-1-1_Clouaire_lane1CUTTagRAD51ab224hOHT_rmdups.bam
HYL5LBGX2_RNA_C1_1_17s002464-1-1_Clouaire_lane117s002464_hg19plusERCC.sorted.bam	HYL5LBGX2_RNA_C1_1_17s002464-1-1_Clouaire_lane117s002464_hg19plusERCC.sorted.bam	RNA-seq	.	DIvA	RNA-seq	Yes	HYL5LBGX2_RNA_C1_1_17s002464-1-1_Clouaire_lane117s002464_hg19plusERCC.sorted.bam
HM5VHBGXK_ChIP_SETX_RPA_4h24h_21s005269-1-2_Clouaire_lane1ChIPRPADIVA.total.sorted.bam	HM5VHBGXK_ChIP_SETX_RPA_4h24h_21s005269-1-2_Clouaire_lane1ChIPRPADIVA.total.sorted.bam	ChIP-seq	.	DIvA	RPA		HM5VHBGXK_ChIP_SETX_RPA_4h24h_21s005269-1-2_Clouaire_lane1ChIPRPADIVA.total.sorted.bam
AACGH2NM5_CUTTag_Pool1_22s004567-1-1_Clouaire_lane1CUTTagRPAnoOHT_rmdups.bam	AACGH2NM5_CUTTag_Pool1_22s004567-1-1_Clouaire_lane1CUTTagRPAnoOHT_rmdups.bam	CUT&Tag	.	DIvA	RPA	No	AACGH2NM5_CUTTag_Pool1_22s004567-1-1_Clouaire_lane1CUTTagRPAnoOHT_rmdups.bam
HM5VHBGXK_ChIP_SETX_RPA_4h24h_21s005269-1-2_Clouaire_lane1ChIPRPAOHT24h.total.sorted.bam	HM5VHBGXK_ChIP_SETX_RPA_4h24h_21s005269-1-2_Clouaire_lane1ChIPRPAOHT24h.total.sorted.bam	ChIP-seq	.	OHT	RPA_24hOHT		HM5VHBGXK_ChIP_SETX_RPA_4h24h_21s005269-1-2_Clouaire_lane1ChIPRPAOHT24h.total.sorted.bam
AACGH2NM5_CUTTag_Pool1_22s004567-1-1_Clouaire_lane1CUTTagRPA24hOHT_rmdups.bam	AACGH2NM5_CUTTag_Pool1_22s004567-1-1_Clouaire_lane1CUTTagRPA24hOHT_rmdups.bam	CUT&Tag	.	OHT	RPA_24hOHT	No	AACGH2NM5_CUTTag_Pool1_22s004567-1-1_Clouaire_lane1CUTTagRPA24hOHT_rmdups.bam
HM5VHBGXK_ChIP_SETX_RPA_4h24h_21s005269-1-2_Clouaire_lane1ChIPRPAOHT.total.sorted.bam	HM5VHBGXK_ChIP_SETX_RPA_4h24h_21s005269-1-2_Clouaire_lane1ChIPRPAOHT.total.sorted.bam	ChIP-seq	.	OHT	RPA_OHT		HM5VHBGXK_ChIP_SETX_RPA_4h24h_21s005269-1-2_Clouaire_lane1ChIPRPAOHT.total.sorted.bam
AACGH2NM5_CUTTag_Pool1_22s004567-1-1_Clouaire_lane1CUTTagRPAS33PnoOHT_rmdups.bam	AACGH2NM5_CUTTag_Pool1_22s004567-1-1_Clouaire_lane1CUTTagRPAS33PnoOHT_rmdups.bam	CUT&Tag	.	DIvA	RPAS33P	No	AACGH2NM5_CUTTag_Pool1_22s004567-1-1_Clouaire_lane1CUTTagRPAS33PnoOHT_rmdups.bam
AACGH2NM5_CUTTag_Pool1_22s004567-1-1_Clouaire_lane1CUTTagRPAS33P24hOHT_rmdups.bam	AACGH2NM5_CUTTag_Pool1_22s004567-1-1_Clouaire_lane1CUTTagRPAS33P24hOHT_rmdups.bam	CUT&Tag	.	OHT	RPAS33P_24hOHT	No	AACGH2NM5_CUTTag_Pool1_22s004567-1-1_Clouaire_lane1CUTTagRPAS33P24hOHT_rmdups.bam
HKK2NBGX7_S2P_Pol2_DIVA_18s002030-1-1_Clouaire_lane118s002030_sequence.rmdups.bam	HKK2NBGX7_S2P_Pol2_DIVA_18s002030-1-1_Clouaire_lane118s002030_sequence.rmdups.bam	ChIP-seq	.	DIvA	S2P	No	HKK2NBGX7_S2P_Pol2_DIVA_18s002030-1-1_Clouaire_lane118s002030_sequence.rmdups.bam
HKK2NBGX7_S2P_Pol2_OHT_18s002031-1-1_Clouaire_lane118s002031_sequence.rmdups.bam	HKK2NBGX7_S2P_Pol2_OHT_18s002031-1-1_Clouaire_lane118s002031_sequence.rmdups.bam	ChIP-seq	.	OHT	S2P_OHT	No	HKK2NBGX7_S2P_Pol2_OHT_18s002031-1-1_Clouaire_lane118s002031_sequence.rmdups.bam
CCME6ANXX_SA2_DIVA_18s004261-1-1_Clouaire_lane118s004261_sequence.rmdups.bam	CCME6ANXX_SA2_DIVA_18s004261-1-1_Clouaire_lane118s004261_sequence.rmdups.bam	ChIP-seq	.	DIvA	SA2	No	CCME6ANXX_SA2_DIVA_18s004261-1-1_Clouaire_lane118s004261_sequence.rmdups.bam
H3LNWBGX3_Ser2P_Pol2_DIVA_17s001630-1-1_Clouaire_lane117s001630_sequence.rmdups.bam	H3LNWBGX3_Ser2P_Pol2_DIVA_17s001630-1-1_Clouaire_lane117s001630_sequence.rmdups.bam	ChIP-seq	.	DIvA	Ser2P	No (soon submitted)	H3LNWBGX3_Ser2P_Pol2_DIVA_17s001630-1-1_Clouaire_lane117s001630_sequence.rmdups.bam
H37HYBGX3_Ser5P_Pol2_DIVA_17s001626-1-1_Clouaire_lane117s001626_sequence.rmdups.bam	H37HYBGX3_Ser5P_Pol2_DIVA_17s001626-1-1_Clouaire_lane117s001626_sequence.rmdups.bam	ChIP-seq	.	DIvA	Ser5P	No (soon submitted)	H37HYBGX3_Ser5P_Pol2_DIVA_17s001626-1-1_Clouaire_lane117s001626_sequence.rmdups.bam
H37HYBGX3_Ser5P_Pol2_OHT_17s001627-1-1_Clouaire_lane117s001627_sequence.rmdups.bam	H37HYBGX3_Ser5P_Pol2_OHT_17s001627-1-1_Clouaire_lane117s001627_sequence.rmdups.bam	ChIP-seq	.	OHT	Ser5P_OHT	No (soon submitted)	H37HYBGX3_Ser5P_Pol2_OHT_17s001627-1-1_Clouaire_lane117s001627_sequence.rmdups.bam
H37HYBGX3_Ser7P_Pol2_DIVA_17s001628-1-1_Clouaire_lane117s001628_sequence.rmdups.bam	H37HYBGX3_Ser7P_Pol2_DIVA_17s001628-1-1_Clouaire_lane117s001628_sequence.rmdups.bam	ChIP-seq	.	DIvA	Ser7P	No (soon submitted)	H37HYBGX3_Ser7P_Pol2_DIVA_17s001628-1-1_Clouaire_lane117s001628_sequence.rmdups.bam
HVW7VBGXX_SETX_DIVA_16s000424-1-1_Clouaire_lane116s000424_sequence.nodups.bam	HVW7VBGXX_SETX_DIVA_16s000424-1-1_Clouaire_lane116s000424_sequence.nodups.bam	ChIP-seq	.	DIvA	SETX	Yes	HVW7VBGXX_SETX_DIVA_16s000424-1-1_Clouaire_lane116s000424_sequence.nodups.bam
HM5VHBGXK_ChIP_SETX_RPA_4h24h_21s005269-1-2_Clouaire_lane1ChIPSETXDIVA.total.sorted.bam	HM5VHBGXK_ChIP_SETX_RPA_4h24h_21s005269-1-2_Clouaire_lane1ChIPSETXDIVA.total.sorted.bam	ChIP-seq	.	DIvA	SETX		HM5VHBGXK_ChIP_SETX_RPA_4h24h_21s005269-1-2_Clouaire_lane1ChIPSETXDIVA.total.sorted.bam
HM5VHBGXK_ChIP_SETX_RPA_4h24h_21s005269-1-2_Clouaire_lane1ChIPSETXOHT24h.total.sorted.bam	HM5VHBGXK_ChIP_SETX_RPA_4h24h_21s005269-1-2_Clouaire_lane1ChIPSETXOHT24h.total.sorted.bam	ChIP-seq	.	OHT	SETX_24hOHT		HM5VHBGXK_ChIP_SETX_RPA_4h24h_21s005269-1-2_Clouaire_lane1ChIPSETXOHT24h.total.sorted.bam
HM5VHBGXK_ChIP_SETX_RPA_4h24h_21s005269-1-2_Clouaire_lane1ChIPSETXOHT.total.sorted.bam	HM5VHBGXK_ChIP_SETX_RPA_4h24h_21s005269-1-2_Clouaire_lane1ChIPSETXOHT.total.sorted.bam	ChIP-seq	.	OHT	SETX_OHT		HM5VHBGXK_ChIP_SETX_RPA_4h24h_21s005269-1-2_Clouaire_lane1ChIPSETXOHT.total.sorted.bam
merged_AACKYHHM5_AACK3GHM5_SMC3DivARCCtag_rmdups.bam	merged_AACKYHHM5_AACK3GHM5_SMC3DivARCCtag_rmdups.bam	CUT&Tag	.	DIvA	SMC3		merged_AACKYHHM5_AACK3GHM5_SMC3DivARCCtag_rmdups.bam
merged_AACKYHHM5_AACK3GHM5_SMC3OHTRCCtag_rmdups.bam	merged_AACKYHHM5_AACK3GHM5_SMC3OHTRCCtag_rmdups.bam	CUT&Tag	.	OHT	SMC3_OHT		merged_AACKYHHM5_AACK3GHM5_SMC3OHTRCCtag_rmdups.bam
merged_AACKYHHM5_AACK3GHM5_SMC5ab1DivARCCtag_rmdups.bam	merged_AACKYHHM5_AACK3GHM5_SMC5ab1DivARCCtag_rmdups.bam	CUT&Tag	.	DIvA	SMC5ab1		merged_AACKYHHM5_AACK3GHM5_SMC5ab1DivARCCtag_rmdups.bam
merged_AACKYHHM5_AACK3GHM5_SMC5ab2DivARCCtag_rmdups.bam	merged_AACKYHHM5_AACK3GHM5_SMC5ab2DivARCCtag_rmdups.bam	CUT&Tag	.	DIvA	SMC5ab1		merged_AACKYHHM5_AACK3GHM5_SMC5ab2DivARCCtag_rmdups.bam
merged_AACKYHHM5_AACK3GHM5_SMC5ab1OHTRCCtag_rmdups.bam	merged_AACKYHHM5_AACK3GHM5_SMC5ab1OHTRCCtag_rmdups.bam	CUT&Tag	.	OHT	SMC5ab1_OHT		merged_AACKYHHM5_AACK3GHM5_SMC5ab1OHTRCCtag_rmdups.bam
merged_AACKYHHM5_AACK3GHM5_SMC5ab2OHTRCCtag_rmdups.bam	merged_AACKYHHM5_AACK3GHM5_SMC5ab2OHTRCCtag_rmdups.bam	CUT&Tag	.	OHT	SMC5ab1_OHT		merged_AACKYHHM5_AACK3GHM5_SMC5ab2OHTRCCtag_rmdups.bam
merged_AACKYHHM5_AACK3GHM5_SMC6ab1DivARCCtag_rmdups.bam	merged_AACKYHHM5_AACK3GHM5_SMC6ab1DivARCCtag_rmdups.bam	CUT&Tag	.	DIvA	SMC6ab1		merged_AACKYHHM5_AACK3GHM5_SMC6ab1DivARCCtag_rmdups.bam
merged_AACKYHHM5_AACK3GHM5_SMC6ab1OHTRCCtag_rmdups.bam	merged_AACKYHHM5_AACK3GHM5_SMC6ab1OHTRCCtag_rmdups.bam	CUT&Tag	.	OHT	SMC6ab1_OHT		merged_AACKYHHM5_AACK3GHM5_SMC6ab1OHTRCCtag_rmdups.bam
merged_AACKYHHM5_AACK3GHM5_SMC6ab2DivARCCtag_rmdups.bam	merged_AACKYHHM5_AACK3GHM5_SMC6ab2DivARCCtag_rmdups.bam	CUT&Tag	.	DIvA	SMC6ab2		merged_AACKYHHM5_AACK3GHM5_SMC6ab2DivARCCtag_rmdups.bam
merged_AACKYHHM5_AACK3GHM5_SMC6ab2OHTRCCtag_rmdups.bam	merged_AACKYHHM5_AACK3GHM5_SMC6ab2OHTRCCtag_rmdups.bam	CUT&Tag	.	OHT	SMC6ab2_OHT		merged_AACKYHHM5_AACK3GHM5_SMC6ab2OHTRCCtag_rmdups.bam
AACJ327M5_Pool_100123_23s000062-1-1_Clouaire_lane1SUN1DIvA_rmdups.bam	AACJ327M5_Pool_100123_23s000062-1-1_Clouaire_lane1SUN1DIvA_rmdups.bam	ChIP-seq	.	DIvA	SUN1		AACJ327M5_Pool_100123_23s000062-1-1_Clouaire_lane1SUN1DIvA_rmdups.bam
AACJ327M5_Pool_100123_23s000062-1-1_Clouaire_lane1SUN1OHT_rmdups.bam	AACJ327M5_Pool_100123_23s000062-1-1_Clouaire_lane1SUN1OHT_rmdups.bam	ChIP-seq	.	OHT	SUN1_OHT		AACJ327M5_Pool_100123_23s000062-1-1_Clouaire_lane1SUN1OHT_rmdups.bam
AACJ327M5_Pool_100123_23s000062-1-1_Clouaire_lane1SUN2DIvA_rmdups.bam	AACJ327M5_Pool_100123_23s000062-1-1_Clouaire_lane1SUN2DIvA_rmdups.bam	ChIP-seq	.	DIvA	SUN2		AACJ327M5_Pool_100123_23s000062-1-1_Clouaire_lane1SUN2DIvA_rmdups.bam
AACJ327M5_Pool_100123_23s000062-1-1_Clouaire_lane1SUN2OHT_rmdups.bam	AACJ327M5_Pool_100123_23s000062-1-1_Clouaire_lane1SUN2OHT_rmdups.bam	ChIP-seq	.	OHT	SUN2_OHT		AACJ327M5_Pool_100123_23s000062-1-1_Clouaire_lane1SUN2OHT_rmdups.bam
HKK2NBGX7_T1P_Pol2_DIVA_18s002028-1-1_Clouaire_lane118s002028_sequence.rmdups.bam	HKK2NBGX7_T1P_Pol2_DIVA_18s002028-1-1_Clouaire_lane118s002028_sequence.rmdups.bam	ChIP-seq	.	DIvA	T1P	No (soon submitted)	HKK2NBGX7_T1P_Pol2_DIVA_18s002028-1-1_Clouaire_lane118s002028_sequence.rmdups.bam
H3LNWBGX3_Tot_Pol2_DIVA_17s001632-1-1_Clouaire_lane117s001632_sequence.rmdups.bam	H3LNWBGX3_Tot_Pol2_DIVA_17s001632-1-1_Clouaire_lane117s001632_sequence.rmdups.bam	ChIP-seq	.	DIvA	Tot	Yes	H3LNWBGX3_Tot_Pol2_DIVA_17s001632-1-1_Clouaire_lane117s001632_sequence.rmdups.bam
64HK1AAXX_XRCC4_12s004587-1-1_Legube_lane712s004587_sequence.rmdups.bam	64HK1AAXX_XRCC4_12s004587-1-1_Legube_lane712s004587_sequence.rmdups.bam	ChIP-seq	.	DIvA	XRCC4	Yes	64HK1AAXX_XRCC4_12s004587-1-1_Legube_lane712s004587_sequence.rmdups.bam
HJKVVBGX5_XRCC4_1H_17s006144-1-1_Clouaire_lane117s006144_sequence.rmdups.bam	HJKVVBGX5_XRCC4_1H_17s006144-1-1_Clouaire_lane117s006144_sequence.rmdups.bam	ChIP-seq	.	OHT	XRCC4_1hOHT	Yes	HJKVVBGX5_XRCC4_1H_17s006144-1-1_Clouaire_lane117s006144_sequence.rmdups.bam
HJKVVBGX5_XRCC4_24H_17s006146-1-1_Clouaire_lane117s006146_sequence.rmdups.bam	HJKVVBGX5_XRCC4_24H_17s006146-1-1_Clouaire_lane117s006146_sequence.rmdups.bam	ChIP-seq	.	OHT	XRCC4_24hOHT	Yes	HJKVVBGX5_XRCC4_24H_17s006146-1-1_Clouaire_lane117s006146_sequence.rmdups.bam
HJKVVBGX5_XRCC4_4H_17s006145-1-1_Clouaire_lane117s006145_sequence.rmdups.bam	HJKVVBGX5_XRCC4_4H_17s006145-1-1_Clouaire_lane117s006145_sequence.rmdups.bam	ChIP-seq	.	OHT	XRCC4_OHT	Yes	HJKVVBGX5_XRCC4_4H_17s006145-1-1_Clouaire_lane117s006145_sequence.rmdups.bam
